{
  "1": [-0.123931, -0.000446, 0.000253, 0, 0, 0, 1],
  "2": [0.071969, 0.000282, -0.000245, 0, 0, 0, 1],
  "3": [-0.065186, -0.00067, 0.002026, 0, 0, 0, 1],
  "4": [0.119313, 0.001524, -0.004809, 0, 0, 0, 1],
  "5": [-0.09053, 0.000055, -0.001287, 0, 0, 0, 1],
  "6": [0.097117, -0.000238, 0.001891, 0, 0, 0, 1],
  "7": [-0.005367, -0.000029, 0.000024, 0, 0, 0, 1],
  "8": [ 0.109828, -0.000591, 0.000357, 0, 0, 0, 1],
  "9": [-0.046276, -0.000104, -0.000673, 0, 0, 0, 1],
  "10": [0.09078, -0.000375, -0.004996, 0, 0, 0, 1],
  "12": [-0.011378, -0.011298, -0.075578, 0, 0, 0, 1],
  "13": [-0.015738, -0.014869, 0.076575, 0, 0, 0, 1],
  "11": [0.053, 0.050, 0.013, -0.000, -0.000, -0.399, 0.917],
  "14": [-0.000544, 0.00014, -0.005285, 0, 0, 0, 1],
  "15": [0.002557, -0.000663, 0.027258, 0, 0, 0, 1],
  "16": [0.059028, 0.002317, 0.004598, 0, 0, 0, 1],
  "17": [0.000295, -0.004017, -0.01583, 0, 0, 0, 1],
  "18": [-0.002531, -0.004652, 0.040514, 0, 0, 0, 1],
  "19": [ 0.024448, -0.026835, 0.000021, 0, 0, 0, 1],
  "20": [-0.004301, 0.046669, -0.000722, 0, 0, 0, 1],
  "21": [0.006181, -0.098852, 0.002587, 0, 0, 0, 1],
  "22": [-0.006, -0.014, 0.000, 0, 0, 0, 1],
  "23": [0.028, 0.089, 0.000, 0, 0, 0, 1],
  "24": [-0.009, 0.043, 0.002, 0, 0, 0, 1],
  "25": [0.006, -0.033, -0.003, 0, 0, 0, 1]
}